id,focus,signal,slack,drag,confidence,score,lane,kind,invariant
g001,form pressure,91,16,36,90,504,ship,baseline,monotonic-signal
g002,sync drift,67,17,23,64,384,ship,edge,drag-penalty
g003,local state,103,20,39,71,516,ship,recovery,confidence-floor
g004,conflict cost,36,59,6,63,376,ship,negative,lane-boundary
g005,form pressure,50,46,12,21,310,ship,baseline,monotonic-signal
g006,sync drift,105,42,38,90,608,ship,edge,drag-penalty
g007,local state,48,42,10,86,428,ship,recovery,confidence-floor
g008,conflict cost,111,45,40,89,632,ship,negative,lane-boundary
g009,form pressure,58,49,35,52,364,ship,baseline,monotonic-signal
g010,sync drift,79,18,34,81,446,ship,edge,drag-penalty
g011,local state,93,40,14,100,624,ship,recovery,confidence-floor
g012,conflict cost,103,54,6,71,650,ship,negative,lane-boundary
g013,form pressure,112,28,43,61,540,ship,baseline,monotonic-signal
g014,sync drift,76,18,23,103,500,ship,edge,drag-penalty
g015,local state,61,15,15,86,416,ship,recovery,confidence-floor
g016,conflict cost,57,16,12,82,400,ship,negative,lane-boundary
g017,form pressure,59,54,12,41,402,ship,baseline,monotonic-signal
g018,sync drift,107,76,35,25,560,ship,edge,drag-penalty
g019,local state,91,19,6,65,520,ship,recovery,confidence-floor
g020,conflict cost,86,63,35,89,578,ship,negative,lane-boundary
g021,form pressure,87,18,30,63,450,ship,baseline,monotonic-signal
g022,sync drift,47,68,29,70,406,ship,edge,drag-penalty
g023,local state,75,25,9,62,456,ship,recovery,confidence-floor
g024,conflict cost,48,41,21,20,272,ship,negative,lane-boundary
g025,form pressure,82,47,8,89,584,ship,baseline,monotonic-signal
g026,sync drift,59,57,24,85,472,ship,edge,drag-penalty
g027,local state,95,65,33,88,620,ship,recovery,confidence-floor
g028,conflict cost,72,36,39,51,384,ship,negative,lane-boundary
g029,form pressure,64,24,23,80,418,ship,baseline,monotonic-signal
g030,sync drift,108,21,37,99,598,ship,edge,drag-penalty
g031,local state,45,22,25,70,314,ship,recovery,confidence-floor
g032,conflict cost,44,25,20,60,306,ship,negative,lane-boundary
g033,form pressure,108,64,19,102,726,ship,baseline,monotonic-signal
g034,sync drift,56,51,41,85,414,ship,edge,drag-penalty
g035,local state,77,47,33,81,498,ship,recovery,confidence-floor
g036,conflict cost,91,47,28,40,482,ship,negative,lane-boundary
g037,form pressure,58,50,8,24,364,ship,baseline,monotonic-signal
g038,sync drift,89,54,42,64,508,ship,edge,drag-penalty
g039,local state,64,23,39,88,400,ship,recovery,confidence-floor
g040,conflict cost,99,45,39,62,532,ship,negative,lane-boundary
g041,form pressure,32,59,20,69,344,ship,baseline,monotonic-signal
g042,sync drift,46,33,33,61,306,ship,edge,drag-penalty
g043,local state,56,23,20,105,440,ship,recovery,confidence-floor
g044,conflict cost,65,20,15,88,446,ship,negative,lane-boundary
g045,form pressure,117,21,14,84,650,ship,baseline,monotonic-signal
g046,sync drift,102,59,36,87,628,ship,edge,drag-penalty
g047,local state,98,11,6,50,502,ship,recovery,confidence-floor
g048,conflict cost,100,24,35,79,536,ship,negative,lane-boundary
g049,form pressure,60,68,9,98,554,ship,baseline,monotonic-signal
g050,sync drift,44,23,18,69,324,ship,edge,drag-penalty
g051,local state,39,73,24,59,372,ship,recovery,confidence-floor
g052,conflict cost,40,30,8,101,406,ship,negative,lane-boundary
g053,form pressure,88,46,22,84,568,ship,baseline,monotonic-signal
g054,sync drift,116,52,10,80,708,ship,edge,drag-penalty
g055,local state,89,62,5,39,548,ship,recovery,confidence-floor
g056,conflict cost,35,70,4,23,318,ship,negative,lane-boundary
g057,form pressure,100,41,26,63,556,ship,baseline,monotonic-signal
g058,sync drift,48,29,18,87,388,ship,edge,drag-penalty
g059,local state,113,26,13,61,600,ship,recovery,confidence-floor
g060,conflict cost,105,27,35,68,540,ship,negative,lane-boundary
g061,form pressure,61,30,27,60,370,ship,baseline,monotonic-signal
g062,sync drift,86,69,24,104,642,ship,edge,drag-penalty
g063,local state,85,56,24,87,578,ship,recovery,confidence-floor
g064,conflict cost,61,52,5,83,504,ship,negative,lane-boundary
g065,form pressure,97,52,18,86,628,ship,baseline,monotonic-signal
g066,sync drift,30,55,5,49,318,ship,edge,drag-penalty
g067,local state,44,59,42,78,366,ship,recovery,confidence-floor
g068,conflict cost,99,28,41,97,564,ship,negative,lane-boundary
g069,form pressure,42,50,21,68,362,ship,baseline,monotonic-signal
g070,sync drift,105,64,33,58,598,ship,edge,drag-penalty
g071,local state,52,38,20,100,444,ship,recovery,confidence-floor
g072,conflict cost,73,28,36,83,442,ship,negative,lane-boundary
g073,form pressure,87,25,45,79,466,ship,baseline,monotonic-signal
g074,sync drift,97,26,9,38,498,ship,edge,drag-penalty
g075,local state,106,64,35,22,526,ship,recovery,confidence-floor
g076,conflict cost,70,16,7,62,422,ship,negative,lane-boundary
g077,form pressure,55,29,37,86,376,ship,baseline,monotonic-signal
g078,sync drift,51,73,32,60,406,ship,edge,drag-penalty
g079,local state,53,28,31,67,340,ship,recovery,confidence-floor
g080,conflict cost,101,8,11,59,516,ship,negative,lane-boundary
g081,form pressure,85,35,45,103,526,ship,baseline,monotonic-signal
g082,sync drift,80,51,40,86,514,ship,edge,drag-penalty
g083,local state,81,57,20,82,562,ship,recovery,confidence-floor
g084,conflict cost,41,67,12,85,444,ship,negative,lane-boundary
g085,form pressure,69,75,9,48,504,ship,baseline,monotonic-signal
g086,sync drift,42,46,9,77,396,ship,edge,drag-penalty
g087,local state,76,34,32,96,500,ship,recovery,confidence-floor
g088,conflict cost,53,31,45,67,318,ship,negative,lane-boundary
g089,form pressure,89,32,32,57,470,ship,baseline,monotonic-signal
g090,sync drift,66,35,27,99,478,ship,edge,drag-penalty
g091,local state,58,74,26,82,492,ship,recovery,confidence-floor
g092,conflict cost,102,61,6,78,674,ship,negative,lane-boundary
g093,form pressure,39,57,18,37,308,ship,baseline,monotonic-signal
g094,sync drift,38,57,5,21,298,ship,edge,drag-penalty
g095,local state,102,60,21,61,608,ship,recovery,confidence-floor
g096,conflict cost,50,64,30,85,438,ship,negative,lane-boundary
